policy,total_reward,total_energy,avg_power,sla_rate,avg_active_hosts,avg_dvfs,avg_util,total_switches
Fixed-Keep,-5850.900918689777,2418360.0,840.0,0.43600361943917876,4.0,1.0,1.5,0
Threshold,-4992.079471764209,4794729.725070953,1665.4149791840755,0.00025095517864352,7.9979159430357765,1.1997221257381032,0.7428023761854031,4
BestFitLike,-4992.079471764209,4794729.725070953,1665.4149791840755,0.00025095517864352,7.9979159430357765,1.1997221257381032,0.7428023761854031,4
PPO,-4308.705528863595,3887833.289723027,1350.4110071980567,0.04629448212205079,7.992358457797846,0.8634942688433483,1.0386431389879212,4
