policy,total_reward,total_energy,total_it_energy,avg_power,avg_pue,sla_rate,avg_active_hosts,avg_sleep_hosts,avg_off_hosts,avg_temp,total_switches,total_migrations
Fixed-Keep,-8618.049135293033,792149.5944795568,546023.6395263672,1101.7379617240015,1.4507523000252016,0.4326938947089044,4.0,4.0,0.0,44.93388043590647,0,0
RoundRobin,-622.1464141801691,1438039.562795114,1011598.3539428711,2000.0550247498102,1.421399393599387,0.00297941663003998,7.977746870653686,0.022253129346314324,0.0,60.892327474453516,4,8
Threshold,-722.7820514200451,1681502.2006786864,1191622.4958496094,2338.66787298844,1.4104120215546523,0.0010037178020294215,7.991655076495132,0.008344923504867872,0.0,61.01152833877585,4,25
BestFitLike,-2763.532617532634,1478680.918058807,1032215.6497802734,2056.579858218092,1.43454417360748,0.010360325549649718,7.991655076495132,0.008344923504867872,0.0,62.486273217764946,4,7117
PPO,-588.6009594042329,1440336.6846921488,1013245.0404052734,2003.2499091684954,1.4214128723281625,0.001301759725632083,7.991655076495132,0.008344923504867872,0.0,60.94912015148264,4,8
